[
  {
    "restaurant": {
      "id":1,
      "name":"Green Restaurant",
      "address":"2240 North Scottsdale Road",
      "city":"Tempe",
      "state":"AZ",
      "zip_code":"85281",
      "country":"US",
      "lat":33.455953,
      "lng":-111.924827,
      "phone_number":"(480) 941-9003"
    }
  },
  {
    "restaurant": {
      "id":2,
      "name":"Chakra 4 Cafe",
      "address":"4769 North 20th Street",
      "city":"Phoenix",
      "state":"AZ",
      "zip_code":"85016",
      "country":"US",
      "lat":33.517712,
      "lng":-112.034626,
      "phone_number":"(602) 283-1210"
    }
  },
  {
    "restaurant": {
      "id":3,
      "name":"Sapna Café",
      "address":"1301 NW Grand Ave",
      "city":"Phoenix",
      "state":"AZ",
      "zip_code":"85007",
      "country":"US",
      "lat":33.457007,
      "lng":-112.089863,
      "phone_number":"(602) 254-6726"
    }
  }
]
